target,vehicle,time,dt
107742,veh1,214,214.000000
90223109,veh0,262,262.000000
107742,veh2,299,85.000000
107742,veh3,370,71.000000
3497406877,veh4,429,429.000000
