target,vehicle,time,dt
1237005046,veh0,295,295.000000
983836443,veh3,403,403.000000
1237005046,veh1,416,121.000000
983836443,veh2,570,167.000000
983836443,veh4,1044,474.000000
