target,vehicle,time,dt
90223109,veh2,178,178.000000
107742,veh1,212,212.000000
90223109,veh3,261,83.000000
90223109,veh0,267,6.000000
